-- Insert 18 records into storefront Table
INSERT INTO storefront (fronted_product_id, product_id, fronted_amount, created_at) VALUES
(1, 10, 4, '6/13/2024'),
(2, 11, 11, '9/16/2024'),
(3, 13, 45, '11/16/2023'),
(4, 1, 1, '6/12/2024'),
(5, 2, 12, '7/29/2024'),
(6, 5, 5, '6/4/2024'),
(7, 15, 47, '8/27/2024'),
(8, 18, 14, '1/28/2024'),
(9, 6, 6, '4/1/2024'),
(10, 8, 12, '6/27/2024'),
(11, 12, 50, '2/14/2024'),
(12, 14, 38, '7/8/2024'),
(13, 3, 31, '3/19/2024'),
(14, 4, 27, '1/14/2024'),
(15, 7, 25, '5/1/2024'),
(16, 9, 5, '6/4/2024'),
(17, 17, 47, '8/27/2024'),
(18, 16, 14, '1/28/2024');

-- Insert 20 records into storage Table
INSERT INTO storage (stored_product_id, product_id, stored_amount, created_at) VALUES
(1, 8, 65, '4/23/2024'),
(2, 10, 69, '1/31/2024'),
(3, 18, 105, '10/4/2024'),
(4, 17, 126, '8/20/2024'),
(5, 1, 163, '7/11/2024'),
(6, 16, 184, '3/2/2023'),
(7, 11, 169, '8/30/2024'),
(8, 12, 185, '4/14/2024'),
(9, 2, 176, '7/18/2024'),
(10, 9, 200, '4/16/2024'),
(11, 15, 181, '7/25/2023'),
(12, 19, 120, '12/4/2023'),
(13, 3, 109, '7/18/2024'),
(14, 20, 79, '1/13/2024'),
(15, 13, 98, '7/20/2023'),
(16, 14, 184, '3/2/2023'),
(17, 5, 169, '8/30/2024'),
(18, 6, 185, '4/14/2024'),
(19, 7, 176, '7/18/2024'),
(20, 4, 200, '4/16/2024');

-- Insert 20 records into products Table
INSERT INTO products (product_id, product_name, product_batch, selling_price, buying_cost, create_date, expire_date, distributor_id) VALUES
(1, 'Tomato sauce', '4096426814', 25.75, 20.89, '10/20/2023', '09/26/2025', 2),
(2, 'Soysauce', '2318845743', 12.29, 10.14, '06/24/2023', '02/29/2025', 5),
(3, 'Salt', '0207051135', 30.74, 25.31, '09/25/2023', '03/26/2025', 6),
(4, 'Sugar', '5045279130', 40.24, 41.58, '08/28/2023', '09/11/2025', 6),
(5, 'Squash', '6587848648', 50.58, 30.97, '08/16/2024', '09/29/2024', 4),
(6, 'Carrots', '5590653452', 60.94, 50.01, '08/02/2024', '09/15/2024', 4),
(7, 'Canned Mushrooms - Honey', '7890345054', 26.48, 20.42, '07/25/2023', '11/22/2025', 3),
(8, 'Canned Sardines', '1002421306', 13.27, 10.09, '10/08/2023', '10/10/2025', 2),
(9, 'Condensed Milk', '7557769821', 27.61, 22.88, '03/25/2023', '09/05/2025', 5),
(10, 'Corn Beef', '2321063424', 30.39, 26.31, '11/02/2023', '11/13/2025', 1),
(11, 'Evaporated Milk', '1697167055', 27.52, 22.3, '03/18/2023', '10/19/2025', 5),
(12, 'Meatloaf', '8734925945', 35.46, 29.65, '11/20/2023', '10/09/2025', 1),
(13, 'Instant Coffee', '8980475314', 25.88, 19.01, '02/27/2023', '12/27/2024', 1),
(14, 'Vinegar', '2233491211', 18.57, 13.21, '09/05/2023', '05/27/2025', 2),
(15, 'Softdrink - 1.5 liter', '9167506917', 46.1, 34.25, '02/12/2023', '05/15/2025', 5);
(16, 'Canned Pineapples', '4096426814', 31.75, 26.89, '10/20/2023', '09/26/2025', 3),
(17, 'Cucumber', '4096426814', 41.75, 36.89, '08/20/2024', '09/26/2024', 4),
(18, 'Cabbage ', '9167506917', 56.1, 44.25, '08/12/2024', '09/25/2024', 4),
(19, 'Canned Sardines', '4096426814', 13.75, 10.89, '10/20/2023', '09/26/2025', 2),
(20, 'Corn Beef', '4096426814', 31.75, 26.89, '10/20/2023', '09/26/2025', 1);

-- Insert 6 records into distributors Table
INSERT INTO distributors (distributor_id, distributor_name, distributor_location, distributor_active) VALUES
(1, 'Stokes LLC', 'Texas', FALSE),
(2, 'Cole-Rau', 'Georgia', TRUE),
(3, 'Haag, Kuphal and Jacobson', 'Texas', TRUE),
(4, 'Price, Champlin and Berge', 'Oklahoma', TRUE),
(5, 'Wilderman and Sons', 'Texas', TRUE),
(6, 'Kub and Sons', 'Texas', TRUE);
